Area,Rooms,Floor,Price
122,3,12,463356
114,3,6,411279
82,5,12,380192
140,3,13,517735
97,3,19,412984
38,1,17,179489
73,4,17,353497
42,5,16,283893
139,6,17,591586
43,2,4,183632
92,4,10,377112
146,1,14,508527
73,4,4,316380
80,3,11,340353
35,4,1,196535
140,5,18,564260
39,4,19,245916
61,1,11,243431
52,5,1,260478
140,2,1,470056
123,5,3,486436
92,3,20,395987
141,1,10,476482
73,4,19,365278
41,3,8,199637
74,3,14,315165
110,1,13,393975
120,1,12,409944
37,2,15,192066
88,3,13,354635
74,5,3,328543
92,5,15,412600
110,1,2,363456
126,5,8,493920
90,3,5,339899
133,4,11,509308
133,4,14,513068
134,1,9,440918
70,1,6,246982
61,2,8,251035
60,6,1,300074
140,4,12,544372
144,5,2,547988
108,1,11,375147
143,2,12,500426
132,6,11,539596
78,6,9,382171
77,3,12,333489
37,2,16,195537
88,5,4,371966
84,1,5,289211
143,2,1,476604
132,2,14,483254
94,1,12,336532
54,1,10,210669
110,3,15,441144
134,2,8,471065
106,3,12,415172
68,6,13,363487
103,4,18,443670
94,3,17,400083
110,5,10,460492
35,5,1,203619
149,5,14,592416
92,2,8,349421
41,1,17,196992
89,2,13,351720
65,5,5,306647
117,4,5,450835
106,1,14,384402
66,1,20,270677
111,3,11,423384
61,4,2,277550
145,1,4,474740
80,5,15,383573
136,4,12,527671
70,5,9,329635
61,1,17,244970
121,2,18,453286
63,6,2,322055
78,3,14,339160
104,4,6,400105
111,3,12,423669
122,6,1,491418
60,5,18,331768
55,6,19,340164
90,2,17,355458
120,2,3,410034
55,5,13,298391
121,6,10,506289
63,1,12,249408
92,3,9,368939
139,6,10,562098
79,3,8,313524
36,3,4,175137
41,2,4,183785
105,4,3,407327
95,1,18,361242
57,3,19,283440
133,4,16,527885
123,4,12,478860
76,4,5,331846
49,2,20,242609
34,1,8,143706
101,5,2,411647
85,1,6,294863
95,4,19,415014
101,2,19,400449
75,2,19,317598
141,3,8,514780
115,2,16,438708
84,3,11,349989
39,3,8,194295
141,6,3,553836
79,5,11,366807
59,1,6,220994
99,6,16,467916
66,4,17,328628
136,5,3,514154
33,4,16,222969
123,2,14,452518
113,5,4,451084
131,2,20,494572
133,6,7,542707
113,2,3,393123
114,3,7,428230
150,1,10,496353
116,3,5,422021
133,4,7,509433
144,3,8,511959
92,2,9,349507
65,3,12,289278
68,2,6,252291
122,4,14,483968
147,4,8,540726
128,2,13,454653
33,2,14,182409
79,5,13,367337
41,6,5,266019
48,1,17,221005
48,2,12,224159
43,5,18,277153
100,6,20,486408
137,6,8,560556
134,2,8,460629
107,1,20,397873
111,2,11,399269
106,5,19,465485
47,1,15,197977
137,3,19,527385
54,3,10,246026
61,2,11,254048
139,6,15,573189
144,3,19,540075
76,6,2,350603
92,3,2,334690
71,2,17,299387
47,4,3,231233
82,4,4,342100
96,2,3,328398
35,2,5,154030
76,5,9,360411
31,5,13,225992
58,4,6,272080
58,6,2,308221
54,2,4,221481
41,2,5,168415
123,3,13,469483
80,5,11,377025
77,5,12,360105
128,4,14,504086
124,2,4,423551
38,5,13,250303
59,6,4,312235
63,5,15,343691
95,6,19,460933
43,6,3,262674
49,2,2,201796
115,4,20,475350
141,3,6,506071
132,6,18,577225
30,1,6,123129
105,1,19,394118
98,5,10,420706
75,3,1,288126
126,5,6,498553
68,4,3,283798
110,4,3,418255
85,1,15,310857
131,5,9,513960
77,5,5,341975
44,1,11,191069
48,1,8,196636
92,5,8,409583
119,6,9,505063
88,2,10,341279
139,5,13,562397
127,3,20,491269
111,4,9,445780
38,5,6,238902
116,4,10,464000
39,5,12,259107
65,3,4,263075
102,1,15,377115
85,2,4,304525
32,3,4,170531
106,4,12,425108
80,4,13,350264
150,3,14,552662
47,6,10,299987
73,2,19,309772
49,1,20,231133
47,2,10,204787
148,2,12,522721
73,4,11,335453
80,3,14,339478
52,1,19,239051
119,6,13,524639
82,4,10,356607
121,3,1,432992
74,6,5,364162
89,5,2,377059
96,3,8,378996
70,4,16,339329
119,2,11,421697
126,4,11,488455
72,1,5,253307
42,4,8,225732
33,4,3,190784
116,4,10,456583
47,3,9,232032
61,3,11,267335
116,6,15,519487
120,6,2,482633
33,5,11,234694
46,6,6,280013
113,2,12,423375
124,5,20,538402
133,2,11,471093
84,1,15,317626
47,3,2,208763
138,5,8,541778
90,4,7,361941
87,5,17,421591
119,1,11,416528
49,4,18,286433
141,1,12,481370
120,3,3,423376
103,3,10,394264
101,2,10,381592
142,3,20,544487
81,4,18,377061
138,4,4,503174
107,4,16,450130
69,1,3,228663
147,4,1,523584
103,5,16,459790
123,6,1,497583
55,4,15,297307
138,3,3,481688
36,6,4,240345
37,4,3,196032
67,5,14,343544
80,2,3,290097
76,3,2,301538
95,5,1,395044
91,1,4,304436
37,2,8,175421
95,2,19,378553
93,1,20,356267
134,5,1,495585
30,6,15,260510
140,2,7,482053
36,1,20,191577
109,1,9,377698
121,3,14,467669
72,3,19,328982
131,2,1,438517
136,6,5,552322
95,1,13,342928
109,4,7,430876
96,6,4,418836
65,2,5,248736
125,5,4,481189
53,6,3,294853
130,6,12,544154
53,1,2,184149
68,2,18,305268
50,1,5,191678
107,1,1,351156
80,2,7,299562
73,5,14,363786
39,2,13,190006
81,2,14,315630
55,1,7,215363
110,2,9,394279
95,1,14,342870
55,6,15,320640
67,6,17,379142
34,6,5,230095
108,1,19,391083
150,1,20,539566
121,4,18,506603
81,5,2,351481
112,1,3,361522
90,1,20,348145
141,6,10,572933
84,3,3,326176
57,3,17,278301
131,3,1,446182
34,1,15,172936
55,3,10,251132
139,6,12,573793
37,5,13,240875
144,6,13,589023
140,4,6,518818
100,6,11,449297
141,4,3,517662
54,1,7,211385
130,5,16,546316
75,1,18,306111
118,2,12,428834
98,1,9,343879
103,4,3,392740
142,4,5,524583
85,5,8,376858
94,5,19,443850
49,2,8,203328
39,2,14,196360
58,4,10,277894
95,1,18,350580
107,6,20,507451
34,5,18,250122
55,5,10,299068
93,2,9,340700
31,5,17,251957
141,3,7,512435
89,2,11,335364
32,4,17,221883
88,6,16,440734
30,1,3,126029
52,3,18,270580
51,1,2,184728
126,2,12,458960
59,6,4,302015
74,6,9,364835
90,2,4,313007
128,3,14,477365
77,2,12,310774
38,2,15,190458
111,4,5,425168
57,1,4,206806
105,6,14,473664
129,3,20,509061
37,6,2,245822
131,4,17,517213
98,4,20,435140
137,2,1,460310
58,4,7,271222
55,4,12,282296
96,3,18,406706
132,4,2,474701
82,1,15,312462
118,4,10,454123
122,1,16,426302
96,5,4,401216
47,4,12,252522
76,3,8,309264
114,2,2,382336
108,1,18,398883
89,4,13,376177
112,6,16,513640
147,1,2,466815
81,2,1,284396
45,6,3,263516
148,6,3,566222
84,2,20,346406
58,3,18,294631
73,1,6,265280
94,4,5,368039
148,6,16,607118
83,5,5,355846
122,6,9,517646
125,6,11,527677
52,2,19,246163
67,3,11,296424
121,5,11,503178
37,6,12,258474
114,6,14,498012
66,4,7,302625
104,6,9,451458
112,5,3,450309
48,5,19,308967
75,6,3,352337
31,5,15,230749
64,1,3,214737
53,1,10,212573
77,4,3,328322
54,4,8,267657
43,2,12,199318
88,1,12,315773
129,5,15,524307
113,4,15,455498
146,2,1,471545
67,4,18,338982
109,6,7,459610
125,1,14,445828
76,2,17,326437
106,3,2,390214
141,3,9,504790
34,1,16,176257
30,3,17,208900
52,2,13,233343
67,3,13,294845
103,5,17,460241
47,2,12,225202
86,3,3,324243
42,2,13,197053
75,5,7,339891
53,2,9,232321
48,5,4,265791
72,2,5,279067
35,6,4,243969
123,3,8,455478
87,6,2,380330
42,2,7,183271
93,1,10,332369
57,1,11,220587
142,1,18,508952
58,4,20,312827
125,2,7,440122
44,2,3,185084
131,5,13,532638
68,2,16,286392
53,1,8,208369
134,2,6,450640
34,4,16,233058
95,3,9,376363
111,1,12,380600
104,3,14,420561
140,1,20,491198
61,5,18,334398
34,6,12,252114
95,5,16,442981
117,2,14,431016
120,2,10,427140
70,1,19,278247
129,5,11,525296
100,6,12,447686
99,1,20,367069
117,6,5,490701
114,6,15,501856
93,2,17,374778
139,3,19,529213
89,5,20,417757
146,2,4,481207
122,3,6,451019
87,1,9,317362
39,2,13,194932
73,2,9,284231
97,1,10,334604
104,2,13,384547
56,1,8,212704
66,5,16,336396
66,1,7,231754
62,5,7,304674
131,1,20,466598
129,2,10,460105
65,1,4,232201
85,6,20,435266
73,3,10,311692
123,4,1,451505
60,1,4,215920
95,4,17,409457
129,5,4,505702
45,4,15,250491
94,2,18,379889
31,4,16,227337
98,5,7,409531
109,3,11,412523
59,1,13,233834
45,6,1,252953
141,6,3,544768
135,3,11,493504
145,5,3,553710
65,5,14,337246
47,4,2,233452
90,5,20,428730
59,4,10,293017
72,2,13,292333
80,4,20,375307
64,6,9,336122
51,6,6,295498
32,4,10,204491
57,2,8,225123
145,6,3,561628
102,1,6,341098
104,4,6,404540
31,6,5,237688
147,4,20,590572
63,3,3,264558
106,2,11,390355
59,4,20,317826
60,1,2,215306
50,3,2,214377
65,3,3,261018
138,3,16,525612
48,4,14,270131
73,3,17,336872
105,3,16,421430
103,6,16,483823
107,6,17,499831
40,2,6,169897
59,3,14,286746
88,6,17,431104
145,2,7,495717
87,6,19,433458
62,3,6,262688
85,6,13,407560
140,5,17,579605
97,4,13,417771
39,3,19,240124
101,1,8,340119
117,1,5,378234
128,1,11,432310
141,1,19,497878
74,5,1,324915
86,6,13,410387
72,5,6,324355
93,3,6,351658
144,2,4,484380
121,4,2,443655
79,3,15,344705
93,2,16,373092
99,2,10,374227
140,4,3,506371
65,4,9,307215
54,3,3,240389
78,5,2,337523
70,6,20,391685
40,2,18,217281
97,6,3,426879
145,3,10,516225
104,6,18,493233
96,4,1,375050
118,2,17,452836
126,2,13,449061
148,6,15,601853
90,2,13,356879
39,2,12,196503
122,6,14,526778
121,6,9,512661
83,2,15,329400
77,3,14,338765
33,6,12,262501
105,3,1,370422
74,3,8,314283
116,1,4,389221
120,4,15,475345
101,1,19,380539
136,3,14,506137
55,3,20,289046
109,5,11,451083
30,1,1,106697
140,5,18,583568
133,6,6,545154
32,4,14,212201
56,6,14,328062
111,3,14,431325
41,1,5,163533
41,1,10,179225
43,4,13,257508
112,2,2,383098
149,5,2,548948
71,4,19,342007
121,4,6,466613
87,6,11,417125
101,5,17,455616
92,5,1,386398
112,1,12,389230
108,5,8,441223
107,3,1,380076
128,2,1,434364
46,2,3,188361
80,2,12,318573
100,1,12,351212
57,4,14,283320
50,6,17,317259
112,6,10,479456
97,3,2,350044
149,1,6,478974
114,2,3,387494
63,1,12,250576
83,6,9,395660
123,5,15,512575
84,1,12,300958
44,2,20,235643
105,5,17,464731
125,3,9,467904
128,2,2,437263
121,2,20,465815
56,4,20,309965
76,2,13,313034
139,3,6,485177
136,1,11,462910
44,5,19,280259
30,3,13,181554
60,5,18,330642
33,6,14,267856
58,1,18,255568
127,4,14,510429
37,5,11,252505
59,3,1,234804
110,2,13,405746
95,4,3,375677
117,6,3,486563
39,4,12,228259
32,6,8,249318
99,2,5,360738
126,1,16,441741
55,2,12,248969
39,2,3,165566
106,1,19,392772
82,4,7,339425
35,3,19,215409
103,1,2,343265
146,1,3,476545
109,5,4,448518
62,3,13,286363
129,2,16,484653
38,2,6,164746
135,3,8,489249
133,3,1,456548
100,3,17,415881
104,3,17,424347
114,2,4,399855
84,5,7,364760
119,4,19,485604
95,5,15,435249
68,2,16,299847
123,2,2,420873
63,5,13,318985
37,6,16,283203
58,3,18,283075
114,1,20,413233
146,5,1,542047
132,2,17,479991
62,2,19,274316
120,2,16,452016
100,2,1,334248
132,3,19,521409
32,6,9,233442
77,6,3,354667
34,5,7,216518
104,1,8,359899
41,3,8,208197
117,5,20,501834
99,4,14,422766
47,4,11,253023
116,5,18,501310
38,4,12,233668
82,6,10,398706
107,3,17,441195
145,1,12,499744
52,3,8,237410
84,3,19,360861
87,2,13,343677
46,4,10,247488
70,6,20,389882
71,4,13,330328
115,4,9,457634
60,4,10,293219
44,4,18,274252
133,1,10,442741
138,1,16,483699
145,4,4,528244
130,6,20,579303
113,2,7,397896
134,6,10,555674
120,2,1,394343
76,2,13,303774
114,1,5,376438
75,3,3,285688
52,5,19,303826
71,3,6,284088
46,4,8,241254
109,3,5,400191
87,5,13,400852
85,2,10,330596
98,2,2,343728
33,5,17,243841
33,3,7,182928
63,2,5,243402
37,4,4,201758
71,3,8,300031
74,3,20,343803
63,1,10,233765
99,3,16,402527
109,1,10,373511
110,4,4,426187
115,2,11,418048
68,1,7,237261
128,5,10,505822
106,4,9,421572
68,3,18,321680
131,5,14,540057
148,5,8,573621
58,1,20,257039
125,3,19,487701
92,2,18,377652
38,3,13,215386
137,4,16,540271
76,3,18,335299
125,4,10,486221
93,2,14,360476
125,3,15,480055
55,1,13,220306
121,5,12,490979
59,2,5,235114
104,1,11,359514
34,2,9,173436
43,6,1,258761
141,3,8,510065
144,1,8,485471
66,1,3,234744
38,6,9,269097
75,4,12,335936
59,3,16,289300
52,2,9,223126
33,5,1,211101
53,6,3,280630
131,1,10,433518
141,4,3,510462
110,6,14,499367
98,6,7,441205
129,3,5,455079
67,6,5,336266
65,6,14,354517
99,3,14,393809
113,3,3,403811
88,3,1,329395
93,5,4,400305
96,5,17,432674
133,2,16,486879
98,4,7,393394
41,1,4,150481
86,4,12,369803
115,6,5,487280
59,1,4,204256
140,4,13,545948
46,1,4,166602
87,1,12,323186
41,6,17,301314
90,1,7,319899
100,2,15,378815
130,3,9,467493
33,4,2,178275
124,1,6,413061
80,4,4,338198
121,2,9,432219
87,2,9,337513
147,5,18,598813
32,5,12,227703
126,4,7,485479
126,2,19,480632
30,6,12,249427
136,2,1,453692
145,4,14,550321
144,3,18,552520
127,3,15,484897
88,3,9,357307
113,2,2,391918
140,3,5,492732
34,6,3,223157
58,3,1,234180
95,1,7,320883
67,5,16,355059
144,5,17,584679
138,4,15,539010
148,4,17,566411
32,4,5,200746
44,3,7,213192
132,5,10,535187
116,4,5,441095
76,1,20,312712
90,5,9,390450
45,5,13,273429
47,4,17,278285
133,2,11,474946
108,6,8,458415
141,2,16,516063
81,1,12,290297
103,3,12,395278
65,2,15,271211
48,6,2,266282
144,4,9,548198
102,3,18,417680
43,1,12,192390
143,2,10,501236
114,3,8,434787
66,6,14,354218
141,5,5,528006
131,2,11,464908
66,6,12,357873
74,3,5,298768
107,4,11,438844
57,5,4,285051
130,3,17,493183
99,4,8,394279
136,5,2,519192
123,3,3,443808
128,5,16,525518
115,6,4,483429
53,4,13,274216
63,4,20,322155
104,6,8,453952
40,6,13,277236
149,4,9,556512
91,6,6,420111
102,4,1,382126
122,2,8,435927
103,2,2,359879
145,3,4,511046
64,4,11,310117
110,6,13,497854
46,1,1,158619
95,5,5,390400
128,4,7,482030
107,2,2,366514
35,3,6,176419
45,6,1,265853
147,2,11,522541
45,5,16,278415
64,6,1,310712
139,6,12,565198
122,2,11,433237
66,6,19,368798
126,5,4,486847
129,2,10,460530
61,1,15,247826
134,2,14,475749
45,1,18,203698
148,3,17,558868
78,6,8,370277
79,3,19,356601
35,4,20,240273
108,4,3,413857
33,1,16,160121
42,6,7,266934
110,5,8,451829
149,3,20,571775
52,3,13,247842
86,3,6,329405
125,5,9,509583
132,5,16,539782
74,2,8,278319
112,4,12,452918
102,3,18,418507
121,3,1,418391
46,5,3,255058
46,1,4,169947
141,1,20,509880
113,4,1,422516
114,4,14,469982
88,2,5,311035
110,1,3,354459
46,3,16,238098
136,5,1,504628
99,2,6,356657
63,3,5,265290
150,6,4,584231
106,4,11,436810
101,2,12,383471
55,1,20,241640
32,3,18,201154
52,1,11,200257
40,1,8,155963
91,4,13,389850
60,5,13,319774
111,1,4,361051
59,2,7,241965
51,3,13,261952
112,5,6,455372
72,2,5,273780
102,2,13,393928
31,3,18,199300
99,6,1,426364
127,4,8,481787
130,5,18,540476
65,5,5,313473
59,5,6,294199
119,6,16,534618
79,6,14,397024
52,5,2,256326
66,5,11,330706
93,6,5,414210
104,3,16,426231
85,2,5,313853
47,4,14,260520
54,3,6,234294
145,3,18,540754
122,3,3,426488
118,1,7,393516
97,4,20,440101
132,5,13,525347
83,4,9,347964
47,1,20,220151
65,4,17,330094
85,6,20,432839
38,3,17,226535
46,2,12,212726
127,2,1,433103
37,1,7,148051
82,5,6,354643
138,3,6,489848
150,1,9,488771
67,5,10,339686
51,1,12,212022
93,4,14,400536
146,4,5,531681
133,3,13,488703
144,1,13,483372
135,5,19,552645
99,5,5,413974
105,5,3,426648
90,2,11,343445
86,2,5,306835
84,5,18,403290
33,3,16,197729
64,5,4,304201
36,6,18,282334
60,6,3,312953
30,1,9,136021
45,5,13,264565
139,4,17,557664
68,3,13,309646
132,5,17,549326
46,3,8,224957
86,1,18,338284
89,6,6,403642
80,2,15,315783
53,1,2,176410
120,3,1,415782
141,6,4,563395
104,5,5,424282
44,3,10,224724
36,4,20,248311
67,3,4,281417
51,6,3,276778
98,5,17,449883
122,2,14,456969
150,1,2,473480
113,3,7,422323
54,4,14,290039
71,2,3,254865
81,1,5,270138
97,1,5,330570
85,2,19,349988
86,2,1,295395
84,1,6,281395
68,4,2,299872
81,6,20,421430
65,2,11,276447
37,5,9,243672
93,5,14,420235
129,1,3,409893
93,6,4,411827
146,6,7,573987
125,2,6,425149
141,1,20,507750
79,5,16,376532
101,2,1,349331
140,2,9,478041
76,6,19,398742
74,2,15,308289
64,1,11,249596
56,2,11,231163
77,4,2,312334
107,5,17,469460
81,1,17,315122
135,5,7,518117
114,4,8,451213
105,4,15,443573
46,3,12,231477
60,5,4,296817
55,3,17,279039
51,2,3,202015
66,2,17,294921
134,1,3,437722
136,5,10,541031
101,6,4,430473
49,2,12,223324
57,3,8,250796
97,2,5,337903
32,1,12,145095
108,5,19,488403
121,1,8,399855
43,6,20,301564
37,2,1,148515
128,5,10,516903
71,3,20,324187
71,1,10,266281
112,2,20,436356
127,5,14,530009
105,6,17,486673
144,5,7,549968
72,1,17,293766
30,4,3,180096
61,5,7,300005
52,2,18,250861
147,3,13,535895
74,4,6,321402
93,4,2,355886
69,1,4,233301
37,4,4,206416
47,1,1,154263
56,4,20,316829
65,2,17,292479
143,2,4,482712
75,6,8,360844
94,6,15,444903
52,3,1,221761
60,5,5,304849
120,1,15,421168
39,1,5,143348
112,1,11,381210
70,5,19,368956
150,3,14,561264
104,2,11,377445
55,5,10,291965
148,1,18,521739
60,4,8,284318
101,2,8,361299
105,3,2,378731
140,3,14,516236
95,5,12,414347
81,1,3,278613
112,5,20,489491
115,4,10,464347
31,6,1,208262
142,4,13,542962
91,2,8,341681
90,1,16,336081
51,1,10,205670
54,2,17,256716
64,4,8,288998
81,6,7,381739
149,1,20,517977
70,2,7,263408
40,6,5,246273
106,2,13,398029
37,4,7,220673
94,6,14,438953
122,2,16,457256
103,3,12,402006
91,3,8,352810
115,1,14,414892
40,1,6,154192
139,2,10,490181
91,3,1,336762
52,1,6,202821
121,5,11,503216
82,5,8,376974
98,1,8,334052
97,1,15,360093
58,4,13,285657
41,1,20,203556
50,2,2,204891
48,4,7,250418
41,4,10,242993
50,6,6,293350
119,2,1,407690
49,3,4,219372
87,6,9,408052
86,4,5,349425
69,4,8,311888
62,1,16,247286
37,1,6,149642
128,2,10,463268
49,4,4,235021
133,2,1,438573
142,2,7,479989
130,6,14,548839
55,3,18,269242
110,4,2,412151
115,1,15,408819
79,2,6,304981
121,5,6,486231
81,2,3,288241
54,3,1,216524
41,4,2,217515
107,4,17,444746
145,6,12,588562
65,3,14,288349
102,2,9,366655
135,1,11,449514
127,6,1,502786
118,2,4,408767
142,4,13,535886
89,1,10,318972
145,6,7,574172
61,1,15,239390
69,2,12,283022
101,3,19,412259
45,5,1,244439
122,6,10,520030
114,5,18,494724
128,4,12,503216
136,2,5,455745
54,4,11,267574
78,1,3,270209
137,5,10,544037
41,3,7,200476
30,3,19,206564
88,2,11,328180
110,4,14,451052
70,4,16,333701
131,3,6,471910
95,5,13,416412
150,4,15,577487
43,2,6,193374
131,6,1,520262
141,6,10,571693
63,2,14,262997
94,2,10,350961
150,4,12,569951
140,1,2,453618
82,6,11,406206
129,3,5,458910
131,2,5,441460
129,6,3,525932
106,3,14,426312
126,6,5,516485
58,2,9,249159
78,1,14,304569
78,5,14,379137
77,5,13,378318
50,3,13,253017
85,6,7,386763
58,1,11,231762
60,3,15,275408
36,6,16,274492
147,1,10,486153
116,1,1,368191
129,2,19,482967
142,6,18,592268
135,1,1,435894
63,1,6,223471
133,6,3,519280
108,3,8,403535
131,2,12,461544
74,2,17,313540
71,1,20,301799
51,4,7,258972
94,5,16,429411
95,4,9,400061
117,2,17,440813
128,2,16,473589
81,3,20,362946
90,6,4,394030
97,2,11,355762
147,6,18,605978
88,2,20,369829
101,3,14,402735
93,2,18,374303
139,3,12,519198
131,4,4,475252
136,2,8,480444
120,3,15,461491
139,2,14,507278
38,6,20,301988
143,1,1,450388
95,5,3,397321
150,6,20,633750
130,4,6,483596
66,1,5,239878
56,2,16,251053
110,3,1,396007
125,4,14,502215
86,1,9,306286
106,1,17,381310
40,6,11,281355
98,4,5,394307
62,5,20,352477
35,6,19,276112
64,4,11,298560
108,6,17,489713
76,6,9,366787
139,1,2,440480
71,1,12,264451
118,5,14,498367
77,5,9,355946
36,1,19,178473
63,1,18,261459
84,1,13,311285
88,6,1,394753
38,2,16,192406
56,1,2,186430
131,1,10,439114
132,1,17,469973
89,1,13,335712
64,2,6,259978
138,4,17,550433
121,4,18,506661
92,3,3,340332
138,2,2,465467
127,5,8,498768
144,4,17,556638
78,3,6,319382
50,2,6,198718
111,4,1,411998
61,3,12,282788
53,2,18,248676
100,5,18,460960
51,6,10,304333
72,3,3,291151
92,5,19,431873
75,1,10,268461
33,6,2,229442
149,5,19,596662
30,5,3,190331
95,3,8,366315
96,4,3,373226
88,3,15,372889
60,3,1,234936
145,4,9,542941
40,1,11,175872
141,4,2,504484
76,5,14,362370
94,6,1,410777
97,4,13,416384
37,3,11,204948
92,4,16,405244
73,4,11,338949
94,2,19,385545
132,6,20,575278
117,5,15,496299
39,4,11,234853
59,6,8,321789
65,5,3,303227
56,3,6,254055
40,2,13,200421
69,6,17,371258
77,2,10,291316
53,5,9,277814
119,4,3,437984
131,4,2,486752
143,2,16,509997
108,1,2,355134
89,5,2,370802
118,1,9,401843
114,3,16,452450
140,5,10,553369
69,5,4,323190
52,5,14,306903
51,2,7,208760
131,6,8,532983
103,4,9,411904
104,5,8,428659
129,1,4,417832
92,5,1,376575
122,1,20,445261
53,2,7,221784
42,5,13,267277
148,2,12,514825
75,5,11,351450
65,1,13,252109
138,2,20,507811
136,5,13,553209
135,2,16,490903
116,2,17,430440
123,2,12,445865
81,4,7,336478
114,2,16,423363
75,2,17,316543
127,2,5,442250
136,5,14,545788
119,3,19,481037
110,2,13,401735
56,5,12,309636
103,3,14,414158
75,1,12,285871
115,1,10,399093
131,3,12,479067
32,4,13,210453
104,4,2,397435
47,4,12,247924
33,2,13,179118
137,2,10,473275
74,4,11,331879
89,2,2,311405
125,6,11,530526
139,2,6,479801
146,6,15,598391
111,2,7,387446
140,6,16,589745
44,4,14,253015
95,5,14,433232
124,5,1,480160
50,3,12,242639
128,2,2,427760
101,4,14,416276
86,2,8,312345
133,5,11,532331
31,5,10,227570
104,1,1,331684
41,2,1,164267
149,2,13,525893
140,2,13,506267
101,5,8,434002
135,6,15,564944
84,1,2,268667
30,3,13,197980
106,6,6,456984
101,3,19,416209
71,5,8,331308
99,2,16,383312
38,5,18,263410
150,5,5,571436
78,3,3,300675
93,1,6,323406
37,1,1,141038
33,5,8,217389
47,5,17,292658
137,5,4,514854
143,6,9,567663
114,6,10,490107
84,1,14,317114
105,5,1,424734
44,4,2,212531
79,1,6,266196
72,3,16,314119
70,3,12,308325
122,5,7,481735
113,1,20,416234
149,3,10,533636
85,4,18,385275
91,4,17,407310
79,6,4,373337
133,1,6,443293
33,1,1,112307
132,2,1,429736
115,6,9,490238
136,5,11,533246
72,4,14,337362
31,1,4,123672
105,4,12,437805
46,1,8,178020
136,4,11,515111
106,4,8,412855
38,5,8,246173
138,2,4,458985
38,5,8,234408
120,1,10,408914
140,6,1,547478
112,3,2,409775
50,2,8,209454
30,5,1,192205
112,2,12,411552
72,2,11,291809
85,3,3,315804
113,2,12,411778
37,4,16,245994
32,3,1,160463
53,3,10,243499
93,4,14,399895
98,4,19,427687
74,5,16,379876
95,1,3,315795
73,3,5,300343
150,1,9,501803
138,5,6,537076
57,1,6,217133
94,6,16,449115
111,4,18,462963
122,5,14,511500
47,6,7,276857
58,2,15,264645
47,5,10,277761
37,2,10,174155
52,4,2,233536
99,3,16,395900
31,1,6,133310
43,2,1,165280
120,6,11,511951
71,4,17,352260
37,1,10,170130
140,4,14,542650
92,4,3,356715
34,3,5,179113
33,6,20,271907
131,4,9,506215
115,2,2,399296
68,3,4,280187
53,3,1,218545
150,6,15,620034
72,3,12,306333
59,1,8,216552
62,3,11,280328
45,2,15,229162
71,2,15,298047
123,5,18,514602
30,2,16,183340
88,6,6,403769
146,2,15,527497
35,1,3,133667
35,5,3,216420
145,3,9,530757
136,1,12,473801
139,4,20,564811
38,2,18,208783
126,2,17,474865
101,2,8,368061
60,4,20,311811
124,4,17,508398
89,5,6,381505
49,6,20,336527
86,6,13,407151
105,4,4,405619
90,5,18,417657
32,1,11,157387
81,2,17,342038
33,6,11,246385
30,1,9,139476
35,6,18,288522
52,4,1,234171
32,4,6,192708
120,4,5,456587
96,3,11,390079
125,2,14,461258
51,1,2,181852
65,6,11,340169
34,5,15,252571
98,6,11,438168
67,3,8,292635
63,5,19,349171
102,6,19,479784
143,5,16,575163
130,3,12,490049
69,6,14,376014
135,5,11,543122
100,5,3,400251
129,3,1,449883
109,5,17,486837
127,4,10,499301
148,2,14,521258
75,4,9,322675
56,6,13,324222
70,4,15,342713
123,2,1,420192
114,1,7,377907
30,2,13,170675
93,2,18,375952
85,4,19,397136
104,6,1,427258
60,4,4,266741
36,5,9,227989
41,3,11,206489
76,6,19,398102
72,6,7,363245
134,4,7,494440
34,4,18,226510
117,3,17,459995
128,2,9,448647
57,2,17,261855
59,6,19,349785
88,1,4,290915
55,5,18,327560
71,1,14,284313
136,2,18,502121
125,2,3,423136
40,1,2,141507
60,3,13,273408
77,1,11,282609
113,5,16,491944
94,5,12,418935
92,6,17,437860
141,6,5,551528
108,2,11,400979
95,1,2,312374
35,4,14,226702
30,2,19,193083
84,4,20,398441
136,4,19,544618
91,2,5,329270
138,1,16,482013
70,3,9,306394
114,5,12,473027
122,2,9,426001
110,1,2,353674
34,6,1,224723
103,5,18,466554
100,2,14,387098
52,3,13,251561
115,2,2,392606
66,4,16,331929
89,6,9,407536
106,3,5,383941
113,5,12,471118
112,6,7,480233
